Apple iPhone 12 Mini 5g 64 Gb Rojo Reacondicionado Grado A 2,"499,990"
Apple iPhone 12 Mini 5g 64 Gb Verde Reacondicionado Grado A,"499,990"
Apple iPhone 12 Mini 5g 64 Gb Azul Reacondicionado Grado A 2,"499,990"
Apple iPhone 11 Rojo 128gb Reacondicionado Grado A 24 Meses,"449,990"
Vendo Celular LG Q6,"325,000"
iPhone 12 Pro Max (256 Gb) - Plata.,"15,000"
"iPhone 13 128 Gb Nuevo $17,500","13,000"
Apple iPhone 13 Pro Max De 256 Gb,"10,000"
Huawei P30 Pro,"9,000"
Apple iPhone 12 De 256 Gb,"8,500"
